<?xml version="1.0" encoding="UTF-8" ?>
<ODM xmlns="http://www.cdisc.org/ns/odm/v1.3" xmlns:ds="http://www.w3.org/2000/09/xmldsig#" xmlns:xsi="http://www.w3.org/2001/XMLSchema-instance" xmlns:redcap="https://projectredcap.org" xsi:schemaLocation="http://www.cdisc.org/ns/odm/v1.3 schema/odm/ODM1-3-1.xsd" ODMVersion="1.3.1" FileOID="000-00-0000" FileType="Snapshot" Description="AIMI Instance" AsOfDateTime="2021-05-10T17:37:46" CreationDateTime="2021-05-10T17:37:46" SourceSystem="REDCap" SourceSystemVersion="10.8.2">
<Study OID="Project.AIMIInstance">
<GlobalVariables>
	<StudyName>AIMI Instance</StudyName>
	<StudyDescription>This file contains the metadata, events, and data for REDCap project "AIMI Instance".</StudyDescription>
	<ProtocolName>AIMI Instance</ProtocolName>
	<redcap:RecordAutonumberingEnabled>1</redcap:RecordAutonumberingEnabled>
	<redcap:CustomRecordLabel></redcap:CustomRecordLabel>
	<redcap:SecondaryUniqueField></redcap:SecondaryUniqueField>
	<redcap:SchedulingEnabled>0</redcap:SchedulingEnabled>
	<redcap:SurveysEnabled>1</redcap:SurveysEnabled>
	<redcap:SurveyInvitationEmailField></redcap:SurveyInvitationEmailField>
	<redcap:Purpose>0</redcap:Purpose>
	<redcap:PurposeOther></redcap:PurposeOther>
	<redcap:ProjectNotes></redcap:ProjectNotes>
	<redcap:MissingDataCodes></redcap:MissingDataCodes>
	<redcap:SurveysGroup>
		<redcap:Surveys form_name="aimi_predictions" title="AIMI Predictions" instructions="&lt;p style=&quot;margin-top: 10px; margin-right: 0px; margin-bottom: 10px; margin-left: 0px; font-family: Arial, Verdana, Helvetica, sans-serif; font-size: 12px; text-align: left; line-height: 1.5em; max-width: 700px; clear: both; padding: 0px;&quot;&gt;These are your survey instructions that you would enter for your survey participants. You may put whatever text you like here, which may include information about the purpose of the survey, who is taking the survey, or how to take the survey.&lt;/p&gt;&lt;br&gt;&lt;p style=&quot;margin-top: 10px; margin-right: 0px; margin-bottom: 10px; margin-left: 0px; font-family: Arial, Verdana, Helvetica, sans-serif; font-size: 12px; text-align: left; line-height: 1.5em; max-width: 700px; clear: both; padding: 0px;&quot;&gt;Surveys can use a single survey link for all respondents, which can be posted on a webpage or emailed out from your email application of choice. &lt;strong&gt;By default, all survey responses are collected anonymously&lt;/strong&gt; (that is, unless your survey asks for name, email, or other identifying information). If you wish to track individuals who have taken your survey, you may upload a list of email addresses into a Participant List within REDCap, in which you can have REDCap send them an email invitation, which will track if they have taken the survey and when it was taken. This method still collects responses anonymously, but if you wish to identify an individual respondent&#039;s answers, you may do so by also providing an Identifier in your Participant List. Of course, in that case you may want to inform your respondents in your survey&#039;s instructions that their responses are not being collected anonymously and can thus be traced back to them.&lt;/p&gt;" acknowledgement="&lt;p&gt;&lt;strong&gt;Thank you for taking the survey.&lt;/strong&gt;&lt;/p&gt;&lt;br&gt;&lt;p&gt;Have a nice day!&lt;/p&gt;" question_by_section="0" display_page_number="1" question_auto_numbering="0" survey_enabled="1" save_and_return="1" save_and_return_code_bypass="0" logo="" hide_title="0" view_results="0" min_responses_view_results="10" check_diversity_view_results="0" end_survey_redirect_url="" survey_expiration="" promis_skip_question="0" survey_auth_enabled_single="0" edit_completed_response="0" hide_back_button="0" show_required_field_text="1" confirmation_email_subject="" confirmation_email_content="" confirmation_email_from="" confirmation_email_from_display="" confirmation_email_attach_pdf="0" confirmation_email_attachment="" text_to_speech="0" text_to_speech_language="en" end_survey_redirect_next_survey="0" theme="" text_size="" font_family="16" theme_text_buttons="" theme_bg_page="" theme_text_title="" theme_bg_title="" theme_text_sectionheader="" theme_bg_sectionheader="" theme_text_question="" theme_bg_question="" enhanced_choices="0" repeat_survey_enabled="0" repeat_survey_btn_text="" repeat_survey_btn_location="BEFORE_SUBMIT" response_limit="" response_limit_include_partials="1" response_limit_custom_text="" survey_time_limit_days="" survey_time_limit_hours="" survey_time_limit_minutes="" email_participant_field="" end_of_survey_pdf_download="0" pdf_save_to_field="" pdf_save_to_event_id="" pdf_auto_archive="0" pdf_econsent_version="" pdf_econsent_type="" pdf_econsent_firstname_field="" pdf_econsent_firstname_event_id="" pdf_econsent_lastname_field="" pdf_econsent_lastname_event_id="" pdf_econsent_dob_field="" pdf_econsent_dob_event_id="" pdf_econsent_allow_edit="0" pdf_econsent_signature_field1="" pdf_econsent_signature_field2="" pdf_econsent_signature_field3="" pdf_econsent_signature_field4="" pdf_econsent_signature_field5=""/>
	</redcap:SurveysGroup>
</GlobalVariables>
<MetaDataVersion OID="Metadata.AIMIInstance_2021-05-10_1737" Name="AIMI Instance" redcap:RecordIdField="record_id">
	<FormDef OID="Form.aimi_predictions" Name="AIMI Predictions" Repeating="No" redcap:FormName="aimi_predictions">
		<ItemGroupRef ItemGroupOID="aimi_predictions.record_id" Mandatory="No"/>
		<ItemGroupRef ItemGroupOID="aimi_predictions.base64_image" Mandatory="No"/>
		<ItemGroupRef ItemGroupOID="aimi_predictions.aimi_predictions_complete" Mandatory="No"/>
	</FormDef>
	<ItemGroupDef OID="aimi_predictions.record_id" Name="AIMI Predictions" Repeating="No">
		<ItemRef ItemOID="record_id" Mandatory="No" redcap:Variable="record_id"/>
		<ItemRef ItemOID="model_config" Mandatory="No" redcap:Variable="model_config"/>
		<ItemRef ItemOID="model_results" Mandatory="No" redcap:Variable="model_results"/>
		<ItemRef ItemOID="model_top_predictions" Mandatory="No" redcap:Variable="model_top_predictions"/>
		<ItemRef ItemOID="partner_ground_truth" Mandatory="No" redcap:Variable="partner_ground_truth"/>
	</ItemGroupDef>
	<ItemGroupDef OID="aimi_predictions.base64_image" Name="Additional Survey Fields Below 

These will not be sent back to the Stanford Master Project." Repeating="No">
		<ItemRef ItemOID="base64_image" Mandatory="No" redcap:Variable="base64_image"/>
	</ItemGroupDef>
	<ItemGroupDef OID="aimi_predictions.aimi_predictions_complete" Name="Form Status" Repeating="No">
		<ItemRef ItemOID="aimi_predictions_complete" Mandatory="No" redcap:Variable="aimi_predictions_complete"/>
	</ItemGroupDef>
	<ItemDef OID="record_id" Name="record_id" DataType="text" Length="999" redcap:Variable="record_id" redcap:FieldType="text" redcap:FieldNote="*autofilled">
		<Question><TranslatedText>Record ID</TranslatedText></Question>
	</ItemDef>
	<ItemDef OID="model_config" Name="model_config" DataType="text" Length="999" redcap:Variable="model_config" redcap:FieldType="text" redcap:FieldNote="*autofilled">
		<Question><TranslatedText>model config</TranslatedText></Question>
	</ItemDef>
	<ItemDef OID="model_results" Name="model_results" DataType="text" Length="999" redcap:Variable="model_results" redcap:FieldType="text" redcap:FieldNote="*autofilled">
		<Question><TranslatedText>model results</TranslatedText></Question>
	</ItemDef>
	<ItemDef OID="model_top_predictions" Name="model_top_predictions" DataType="text" Length="999" redcap:Variable="model_top_predictions" redcap:FieldType="text" redcap:FieldNote="*autofilled">
		<Question><TranslatedText>Model Top Prediction(s)</TranslatedText></Question>
	</ItemDef>
	<ItemDef OID="partner_ground_truth" Name="partner_ground_truth" DataType="text" Length="999" redcap:Variable="partner_ground_truth" redcap:FieldType="text" redcap:FieldNote="eg; 0,0,1,0,1">
		<Question><TranslatedText>Ground Truth

Please input a 0/1(true/false) for each respective predictionlabel
</TranslatedText><redcap:FormattedTranslatedText>Ground Truth

&lt;em&gt;Please input a 0/1(true/false) for each respective predictionlabel&lt;/em&gt;
</redcap:FormattedTranslatedText></Question>
	</ItemDef>
	<ItemDef OID="base64_image" Name="base64_image" DataType="text" Length="999" redcap:Variable="base64_image" redcap:FieldType="textarea" redcap:SectionHeader="Additional Survey Fields Below 

These will not be sent back to the Stanford Master Project.">
		<Question><TranslatedText>base64 image</TranslatedText></Question>
	</ItemDef>
	<ItemDef OID="aimi_predictions_complete" Name="aimi_predictions_complete" DataType="text" Length="1" redcap:Variable="aimi_predictions_complete" redcap:FieldType="select" redcap:SectionHeader="Form Status">
		<Question><TranslatedText>Complete?</TranslatedText></Question>
		<CodeListRef CodeListOID="aimi_predictions_complete.choices"/>
	</ItemDef>
	<CodeList OID="aimi_predictions_complete.choices" Name="aimi_predictions_complete" DataType="text" redcap:Variable="aimi_predictions_complete">
		<CodeListItem CodedValue="0"><Decode><TranslatedText>Incomplete</TranslatedText></Decode></CodeListItem>
		<CodeListItem CodedValue="1"><Decode><TranslatedText>Unverified</TranslatedText></Decode></CodeListItem>
		<CodeListItem CodedValue="2"><Decode><TranslatedText>Complete</TranslatedText></Decode></CodeListItem>
	</CodeList>
</MetaDataVersion>
</Study>
</ODM>